model,MAE,RMSE,MAPE,Bias,MAE_improvement_vs_baseline_pct,RMSE_improvement_vs_baseline_pct,MAPE_improvement_vs_baseline_pct
Moving Average (12-week),3124.37071897561,3274.0629169370195,20.255829485873665,3124.37071897561,0.0,0.0,0.0
Facebook Prophet,705.1371202724449,777.8641320686363,4.4960753182087485,29.384827557658657,77.43106744696293,76.24162541151314,77.80354874460069
